Тип;Наименование породы;Количество, шт
дерево;Берёза повислая;3
дерево;Боярышник однопестичный;9
дерево;Дуб черешчатый;4
дерево;Ель колючая;9
дерево;Каштан конский;3
дерево;Клён Гиннала;9
дерево;Клён остролистный 'Globosum' (штамб);9
дерево;Лещина древовидная;3
дерево;Липа мелколистная;4
дерево;Лиственница сибирская;3
дерево;Рябина обыкновенная;10
дерево;Сосна обыкновенная;3
дерево;Яблоня декоративная Недзвецкого;10
кустарник;Барбарис Тунберга;40
кустарник;Бересклет европейский;40
кустарник;Бирючина обыкновенная;40
кустарник;Бузина красная;40
кустарник;Вейгела цветущая;40
кустарник;Гортензия метельчатая;40
кустарник;Дерен белый 'Elegantissima';40
кустарник;Калина обыкновенная;40
кустарник;Кизильник блестящий;40
кустарник;Можжевельник казацкий 'Tamariscifolia';40
кустарник;Пузыреплодник 'Diabolo';40
кустарник;Пузыреплодник калинолистный 'Luteus';40
кустарник;Роза морщинистая;40
кустарник;Сирень венгерская;40
кустарник;Сирень обыкновенная;40
кустарник;Снежноягодник Доренбоза;40
кустарник;Спирея Вангутта;40
кустарник;Спирея серая 'Grefsheim';40
кустарник;Туя западная 'Smaragd';5
кустарник;Форзиция яйцевидная;40
кустарник;Чубушник венечный;40
